timestamp,vehicle_speed_kmh,engine_rpm,brake_pedal_status
2025-07-29 20:10:37.032023,0.0,800.0,0
2025-07-29 20:10:37.132023,0.0,800.0,0
2025-07-29 20:10:37.232023,0.0,800.0,0
2025-07-29 20:10:37.332023,0.0,800.0,0
2025-07-29 20:10:37.432023,0.0,800.0,0
2025-07-29 20:10:37.532023,0.0,800.0,0
2025-07-29 20:10:37.632023,0.0,800.0,0
2025-07-29 20:10:37.732023,0.0,800.0,0
2025-07-29 20:10:37.832023,0.0,800.0,0
2025-07-29 20:10:37.932023,0.0,800.0,0
2025-07-29 20:10:38.032023,0.0,800.0,0
2025-07-29 20:10:38.132023,0.0,800.0,0
2025-07-29 20:10:38.232023,0.0,800.0,0
2025-07-29 20:10:38.332023,0.0,800.0,0
2025-07-29 20:10:38.432023,0.0,800.0,0
2025-07-29 20:10:38.532023,0.0,800.0,0
2025-07-29 20:10:38.632023,0.0,800.0,0
2025-07-29 20:10:38.732023,0.0,800.0,0
2025-07-29 20:10:38.832023,0.0,800.0,0
2025-07-29 20:10:38.932023,0.0,800.0,0
2025-07-29 20:10:39.032023,0.0,800.0,0
2025-07-29 20:10:39.132023,0.0,800.0,0
2025-07-29 20:10:39.232023,0.0,800.0,0
2025-07-29 20:10:39.332023,0.0,800.0,0
2025-07-29 20:10:39.432023,0.0,800.0,0
2025-07-29 20:10:39.532023,0.0,800.0,0
2025-07-29 20:10:39.632023,0.0,800.0,0
2025-07-29 20:10:39.732023,0.0,800.0,0
2025-07-29 20:10:39.832023,0.0,800.0,0
2025-07-29 20:10:39.932023,0.0,800.0,0
2025-07-29 20:10:40.032023,0.0,800.0,0
2025-07-29 20:10:40.132023,0.0,800.0,0
2025-07-29 20:10:40.232023,0.0,800.0,0
2025-07-29 20:10:40.332023,0.0,800.0,0
2025-07-29 20:10:40.432023,0.0,800.0,0
2025-07-29 20:10:40.532023,0.0,800.0,0
2025-07-29 20:10:40.632023,0.0,800.0,0
2025-07-29 20:10:40.732023,0.0,800.0,0
2025-07-29 20:10:40.832023,0.0,800.0,0
2025-07-29 20:10:40.932023,0.0,800.0,0
2025-07-29 20:10:41.032023,0.0,800.0,0
2025-07-29 20:10:41.132023,0.0,800.0,0
2025-07-29 20:10:41.232023,0.0,800.0,0
2025-07-29 20:10:41.332023,0.0,800.0,0
2025-07-29 20:10:41.432023,0.0,800.0,0
2025-07-29 20:10:41.532023,0.0,800.0,0
2025-07-29 20:10:41.632023,0.0,800.0,0
2025-07-29 20:10:41.732023,0.0,800.0,0
2025-07-29 20:10:41.832023,0.0,800.0,0
2025-07-29 20:10:41.932023,0.0,800.0,0
2025-07-29 20:10:42.032023,0.6041947621004266,898.2811499725387,0
2025-07-29 20:10:42.132023,1.3011525368284187,800.0,0
2025-07-29 20:10:42.232023,2.3427850985123486,864.412848055799,0
2025-07-29 20:10:42.332023,2.8442569714089365,837.9549504408202,0
2025-07-29 20:10:42.432023,3.406391362661686,880.2928947456005,0
2025-07-29 20:10:42.532023,4.469596644323648,817.6482561320412,0
2025-07-29 20:10:42.632023,5.062371890131093,978.1150149831019,0
2025-07-29 20:10:42.732023,5.821797773893692,887.6650086654471,0
2025-07-29 20:10:42.832023,6.7775922423602175,987.5866992410017,0
2025-07-29 20:10:42.932023,7.081085331287776,977.9388956106648,0
2025-07-29 20:10:43.032023,7.18265218937003,917.0422913876421,0
2025-07-29 20:10:43.132023,8.183422955430775,931.93356657357,0
2025-07-29 20:10:43.232023,9.077455041866996,1119.2411540644464,0
2025-07-29 20:10:43.332023,9.576915127676294,1019.9091108493873,0
2025-07-29 20:10:43.432023,9.787499414178624,1089.4896637957263,0
2025-07-29 20:10:43.532023,10.183495622480047,1133.1760976735939,0
2025-07-29 20:10:43.632023,11.039311274463936,977.9204967713215,0
2025-07-29 20:10:43.732023,11.139338874380917,1027.7741944175636,0
2025-07-29 20:10:43.832023,11.954107235154815,1165.7593873795722,0
2025-07-29 20:10:43.932023,12.96785000531966,1116.0750647079637,0
2025-07-29 20:10:44.032023,14.045725302151363,1092.9217366522953,0
2025-07-29 20:10:44.132023,14.880443927978039,1175.1531568401952,0
2025-07-29 20:10:44.232023,15.18883478425418,1088.8491427398224,0
2025-07-29 20:10:44.332023,15.916839177828178,1255.6818576643063,0
2025-07-29 20:10:44.432023,16.924054584012886,1211.332092033109,0
2025-07-29 20:10:44.532023,17.234082361068648,1285.9788318972592,0
2025-07-29 20:10:44.632023,18.28121617691812,1347.3016514671135,0
2025-07-29 20:10:44.732023,18.942917769613643,1188.5590373168793,0
2025-07-29 20:10:44.832023,19.2019639812536,1241.633221933118,0
2025-07-29 20:10:44.932023,19.50507093590087,1301.726033861472,0
2025-07-29 20:10:45.032023,19.678624238582177,1235.9550727254657,0
2025-07-29 20:10:45.132023,20.470783779477937,1269.0656895087889,0
2025-07-29 20:10:45.232023,20.951429310652898,1298.230436048781,0
2025-07-29 20:10:45.332023,21.88913957814289,1442.6808546869984,0
2025-07-29 20:10:45.432023,22.552576522004664,1334.4073827395673,0
2025-07-29 20:10:45.532023,22.80622828976692,1404.4073612670365,0
2025-07-29 20:10:45.632023,23.830808336151563,1307.9332267365874,0
2025-07-29 20:10:45.732023,24.24115748859152,1348.993120397875,0
2025-07-29 20:10:45.832023,25.050082346441485,1510.4312181173548,0
2025-07-29 20:10:45.932023,26.04945045522434,1428.795520314205,0
2025-07-29 20:10:46.032023,26.72224535662184,1530.5338154800684,0
2025-07-29 20:10:46.132023,27.375798609934854,1501.9912668259176,0
2025-07-29 20:10:46.232023,28.261648139464906,1461.5814321963655,0
2025-07-29 20:10:46.332023,28.962881195066636,1473.135851683741,0
2025-07-29 20:10:46.432023,29.771715514778826,1510.4690430012215,0
2025-07-29 20:10:46.532023,30.047340954224186,1647.1021917489827,0
2025-07-29 20:10:46.632023,30.84865036821642,1515.2562200562172,0
2025-07-29 20:10:46.732023,31.356944195765895,1491.798821550531,0
2025-07-29 20:10:46.832023,31.617297286377486,,0
2025-07-29 20:10:46.932023,32.24592155648624,1698.5633421845946,0
2025-07-29 20:10:47.032023,33.165367348367795,1570.8358143165483,0
2025-07-29 20:10:47.132023,33.85986135614627,1611.3545656111564,0
2025-07-29 20:10:47.232023,34.48010310483808,1685.5183431496846,0
2025-07-29 20:10:47.332023,35.274244928249736,1681.8276939930424,0
2025-07-29 20:10:47.432023,35.87205436306744,1719.9651644792953,0
2025-07-29 20:10:47.532023,36.515242763102506,1625.714001057185,0
2025-07-29 20:10:47.632023,37.473773111431996,1716.2849768165356,0
2025-07-29 20:10:47.732023,37.69694381631019,1754.20569304933,0
2025-07-29 20:10:47.832023,37.86219764495049,1709.011271009089,0
2025-07-29 20:10:47.932023,38.85598337051613,1680.8136799451709,0
2025-07-29 20:10:48.032023,39.68656516143391,1739.0561326724103,0
2025-07-29 20:10:48.132023,40.76861476593695,1881.5228067460944,0
2025-07-29 20:10:48.232023,40.92800773111711,1803.3384795820493,0
2025-07-29 20:10:48.332023,41.28220112319744,1915.9372395361945,0
2025-07-29 20:10:48.432023,41.780596523215586,1756.3736275507783,0
2025-07-29 20:10:48.532023,42.392399612228495,1851.0465923989946,0
2025-07-29 20:10:48.632023,42.51565716215125,1891.8264294430282,0
2025-07-29 20:10:48.732023,43.338298277952696,1819.6029814657197,0
2025-07-29 20:10:48.832023,44.214619425587216,1998.8123522938085,0
2025-07-29 20:10:48.932023,44.73143417005327,1907.7993372084552,0
2025-07-29 20:10:49.032023,44.84099112901252,2000.9846207264504,0
2025-07-29 20:10:49.132023,45.11769115119695,1947.16833680916,0
2025-07-29 20:10:49.232023,45.475254794206464,1921.288303935093,0
2025-07-29 20:10:49.332023,45.766552902092265,1966.2955865354604,0
2025-07-29 20:10:49.432023,46.40337890457789,2014.3391619797185,0
2025-07-29 20:10:49.532023,47.35705042280494,2029.9424874466015,0
2025-07-29 20:10:49.632023,47.76484743806961,2043.913324752183,0
2025-07-29 20:10:49.732023,48.81643227190145,2113.6930172047555,0
2025-07-29 20:10:49.832023,49.527410160058125,1953.5668269720031,0
2025-07-29 20:10:49.932023,50.38392950799823,2130.393359270044,0
2025-07-29 20:10:50.032023,50.61047428433029,2013.7386605876457,0
2025-07-29 20:10:50.132023,50.974787992271324,2095.896711408276,0
2025-07-29 20:10:50.232023,51.76672309528881,2059.1814778391645,0
2025-07-29 20:10:50.332023,52.58320573008954,2121.078635347522,0
2025-07-29 20:10:50.432023,53.664587853357986,2240.2316495396376,0
2025-07-29 20:10:50.532023,54.723094330931204,2230.4271321023484,0
2025-07-29 20:10:50.632023,55.340783785301014,2126.3165173062152,0
2025-07-29 20:10:50.732023,55.79930765987414,2126.829725288973,0
2025-07-29 20:10:50.832023,56.50729746956834,2258.6435280101373,0
2025-07-29 20:10:50.932023,57.377788051419586,2151.8830526193483,0
2025-07-29 20:10:51.032023,58.01412270453051,2228.630670118391,0
2025-07-29 20:10:51.132023,59.05783540698517,2357.090385307957,0
2025-07-29 20:10:51.232023,59.43579691563961,,0
2025-07-29 20:10:51.332023,60.11697572112454,2385.8130143939234,0
2025-07-29 20:10:51.432023,60.89997077154232,2413.1122531462197,0
2025-07-29 20:10:51.532023,61.544090398177026,2322.1734403333257,0
2025-07-29 20:10:51.632023,61.870209152011554,2292.5846737355114,0
2025-07-29 20:10:51.732023,62.645954621918804,2315.5850273594324,0
2025-07-29 20:10:51.832023,63.31967348805004,2301.2693720501143,0
2025-07-29 20:10:51.932023,63.540618555891726,2411.728179706755,0
2025-07-29 20:10:52.032023,64.07822557446684,2498.5748876308244,0
2025-07-29 20:10:52.132023,64.51268247924239,2442.145593510357,0
2025-07-29 20:10:52.232023,64.88950632351369,2400.779057630198,0
2025-07-29 20:10:52.332023,65.22793831707014,2523.3344507605934,0
2025-07-29 20:10:52.432023,65.50181612420643,2401.1530487427144,0
2025-07-29 20:10:52.532023,65.94967565927305,2521.635553915995,0
2025-07-29 20:10:52.632023,66.78731435826154,,0
2025-07-29 20:10:52.732023,67.23381771170548,2452.616324916347,0
2025-07-29 20:10:52.832023,67.60929433582757,2525.9867589863616,0
2025-07-29 20:10:52.932023,68.06083498912518,2585.9729702918,0
2025-07-29 20:10:53.032023,69.06223799069953,2542.948692294262,0
2025-07-29 20:10:53.132023,69.93828278885914,2521.3817872718346,0
2025-07-29 20:10:53.232023,70.78141020428893,2498.057109419417,0
2025-07-29 20:10:53.332023,71.72837388126356,2614.925652024129,0
2025-07-29 20:10:53.432023,72.20339343204586,2673.0108327259454,0
2025-07-29 20:10:53.532023,72.91511256507901,2636.911430052049,0
2025-07-29 20:10:53.632023,73.1464576606802,2645.9561214465884,0
2025-07-29 20:10:53.732023,73.54574727618021,2581.1135074562894,0
2025-07-29 20:10:53.832023,73.65311487872235,2683.4124790550754,0
2025-07-29 20:10:53.932023,74.49991290059074,2745.8745118739057,0
2025-07-29 20:10:54.032023,74.95964240030885,2727.1712974585344,0
2025-07-29 20:10:54.132023,75.67953015125885,2649.8007251466506,0
2025-07-29 20:10:54.232023,76.38999728129264,2781.842314880745,0
2025-07-29 20:10:54.332023,77.20120321225336,2639.3545800386655,0
2025-07-29 20:10:54.432023,78.11217271838987,2696.3517667861893,0
2025-07-29 20:10:54.532023,78.35150111894295,2756.9086808183765,0
2025-07-29 20:10:54.632023,78.71801417850415,,0
2025-07-29 20:10:54.732023,,2767.7076016848214,0
2025-07-29 20:10:54.832023,79.98530071374455,2898.6190739838285,0
2025-07-29 20:10:54.932023,80.3723482357026,2875.563101543436,0
2025-07-29 20:10:55.032023,81.24447930846391,2842.902520085774,0
2025-07-29 20:10:55.132023,82.2596282161277,2818.387044501014,0
2025-07-29 20:10:55.232023,82.75851202170314,2890.1865080945972,0
2025-07-29 20:10:55.332023,83.70317946871052,2832.3563618995486,0
2025-07-29 20:10:55.432023,84.13488161265107,2922.3543684031574,0
2025-07-29 20:10:55.532023,84.68965391952413,2959.111453446997,0
2025-07-29 20:10:55.632023,85.43526904445783,2908.197068728005,0
2025-07-29 20:10:55.732023,85.89643536081573,2902.487238975094,0
2025-07-29 20:10:55.832023,86.55446058281572,2932.191671420719,0
2025-07-29 20:10:55.932023,87.08331555396074,2920.7833796237055,0
2025-07-29 20:10:56.032023,88.17905715818526,3087.715180483643,0
2025-07-29 20:10:56.132023,89.13398736671695,3122.805463937254,0
2025-07-29 20:10:56.232023,90.04703811357294,3104.302489389547,0
2025-07-29 20:10:56.332023,90.17901029025448,3069.7903810838498,0
2025-07-29 20:10:56.432023,91.1101444111882,3122.314089364813,0
2025-07-29 20:10:56.532023,91.25774680741178,3055.42992438806,0
2025-07-29 20:10:56.632023,91.5955091675435,3091.9202502186395,0
2025-07-29 20:10:56.732023,92.36216536924135,3206.431010979118,0
2025-07-29 20:10:56.832023,93.0609417065769,3027.5499399154282,0
2025-07-29 20:10:56.932023,93.75688625936722,3176.3223718709332,0
2025-07-29 20:10:57.032023,93.64319084968513,3126.885660770947,0
2025-07-29 20:10:57.132023,94.36321049227693,3203.994754727647,0
2025-07-29 20:10:57.232023,93.85061686328741,3101.957268452866,0
2025-07-29 20:10:57.332023,94.18337357184153,3170.699580831255,0
2025-07-29 20:10:57.432023,95.03356559740843,3155.625463409528,0
2025-07-29 20:10:57.532023,95.30793163766964,3168.2914201227036,0
2025-07-29 20:10:57.632023,94.66089649959355,3118.866034628011,0
2025-07-29 20:10:57.732023,94.62106648592379,3144.1170290665227,0
2025-07-29 20:10:57.832023,95.33120027075421,3200.639689287694,0
2025-07-29 20:10:57.932023,95.63584331156963,3237.4566188063804,0
2025-07-29 20:10:58.032023,95.55269551864231,3228.359410096,0
2025-07-29 20:10:58.132023,96.11853647119744,3171.682909681835,0
2025-07-29 20:10:58.232023,96.33415467012811,3185.7543050223626,0
2025-07-29 20:10:58.332023,95.83260640868829,3159.022052413604,0
2025-07-29 20:10:58.432023,95.88541713734169,3198.5514594898295,0
2025-07-29 20:10:58.532023,95.33135439075288,3138.6307271798332,0
2025-07-29 20:10:58.632023,95.48649725066643,3175.8799977175345,0
2025-07-29 20:10:58.732023,95.30167462422392,3151.405101632061,0
2025-07-29 20:10:58.832023,,3144.119160163387,0
2025-07-29 20:10:58.932023,95.55207757496328,3146.9153914385006,0
2025-07-29 20:10:59.032023,95.65862951427088,3148.46934534521,0
2025-07-29 20:10:59.132023,95.31302403660844,3211.7819703486803,0
2025-07-29 20:10:59.232023,95.03627320937214,3154.231501765438,0
2025-07-29 20:10:59.332023,94.7046875061139,3138.3196068196603,0
2025-07-29 20:10:59.432023,94.4012714333842,3142.001488183648,0
2025-07-29 20:10:59.532023,95.32016978483125,3178.1427425260126,0
2025-07-29 20:10:59.632023,95.92331958773731,3174.869486522388,0
2025-07-29 20:10:59.732023,96.23363332752832,3230.3427999104947,0
2025-07-29 20:10:59.832023,96.47693065085188,3236.993204054619,0
2025-07-29 20:10:59.932023,97.08109275724561,3241.898709454287,0
2025-07-29 20:11:00.032023,97.83732932536407,3292.662719268285,0
2025-07-29 20:11:00.132023,97.82140041714489,3229.6627968787952,0
2025-07-29 20:11:00.232023,98.24668358179753,3258.4403053028277,0
2025-07-29 20:11:00.332023,97.34342636378253,3186.527988750601,0
2025-07-29 20:11:00.432023,97.49488355650207,3281.5591276829805,0
2025-07-29 20:11:00.532023,96.5077217467859,3183.6887740724137,0
2025-07-29 20:11:00.632023,96.18922700953992,3215.2279669619693,0
2025-07-29 20:11:00.732023,96.16416488480942,3208.8621352890423,0
2025-07-29 20:11:00.832023,96.28163686684783,3204.9090245918205,0
2025-07-29 20:11:00.932023,95.33609084746696,3144.083042301452,0
2025-07-29 20:11:01.032023,94.38593319833134,3145.4049941181206,0
2025-07-29 20:11:01.132023,94.36239301559596,3206.391459450269,0
2025-07-29 20:11:01.232023,94.5494151954827,3152.748163137666,0
2025-07-29 20:11:01.332023,94.97445086541794,,0
2025-07-29 20:11:01.432023,94.89628390392605,3172.3030703568993,0
2025-07-29 20:11:01.532023,95.16361892158955,3190.008282228115,0
2025-07-29 20:11:01.632023,95.18160768137817,3183.5219582177947,0
2025-07-29 20:11:01.732023,95.23582437751654,3190.490784681147,0
2025-07-29 20:11:01.832023,95.19825565021308,3187.1452591948596,0
2025-07-29 20:11:01.932023,95.39641260715813,3203.5873105537426,0
2025-07-29 20:11:02.032023,94.64811453372108,3201.9314484044658,0
2025-07-29 20:11:02.132023,93.7352255503652,3100.0869881550852,0
2025-07-29 20:11:02.232023,94.56224639138877,3118.2636838121593,0
2025-07-29 20:11:02.332023,95.01843855250772,3212.120545882689,0
2025-07-29 20:11:02.432023,94.17031213326703,3142.3783743523077,0
2025-07-29 20:11:02.532023,93.36325180854072,3100.9650503620664,0
2025-07-29 20:11:02.632023,92.86921449840648,3152.278804360151,0
2025-07-29 20:11:02.732023,92.70409448384873,3125.306287000976,0
2025-07-29 20:11:02.832023,93.62206748220609,3135.786924433143,0
2025-07-29 20:11:02.932023,93.60765641342148,3131.082449756076,0
2025-07-29 20:11:03.032023,93.0222845160768,3090.170226290332,0
2025-07-29 20:11:03.132023,93.05239000434642,3131.7066561206,0
2025-07-29 20:11:03.232023,92.92336263137285,3121.6667968448933,0
2025-07-29 20:11:03.332023,93.46961187396292,3107.6399339858795,0
2025-07-29 20:11:03.432023,93.83136025819861,3141.831708068174,0
2025-07-29 20:11:03.532023,93.57649979870422,3151.015367675663,0
2025-07-29 20:11:03.632023,93.65710348373203,3162.855050470939,0
2025-07-29 20:11:03.732023,92.93345647291366,3135.280155011386,0
2025-07-29 20:11:03.832023,92.61691305083396,3085.216288987488,0
2025-07-29 20:11:03.932023,,3106.8251881059805,0
2025-07-29 20:11:04.032023,91.39897817235156,3084.9435146942037,0
2025-07-29 20:11:04.132023,91.30962272504529,3131.972041610924,0
2025-07-29 20:11:04.232023,90.47368752563085,3054.516736077858,0
2025-07-29 20:11:04.332023,90.13895262621797,3050.6246216965924,0
2025-07-29 20:11:04.432023,89.90476255875366,3000.337696698482,0
2025-07-29 20:11:04.532023,89.85168342520484,3017.296454678564,0
2025-07-29 20:11:04.632023,88.8674913549423,2979.4808523459483,0
2025-07-29 20:11:04.732023,89.0608970702931,3000.2273562082164,0
2025-07-29 20:11:04.832023,89.17078035833411,3008.268651664897,0
2025-07-29 20:11:04.932023,89.04445404570949,3021.1324839810372,0
2025-07-29 20:11:05.032023,89.35227353434573,2996.767800340842,0
2025-07-29 20:11:05.132023,89.80440367890122,3030.6338893766333,0
2025-07-29 20:11:05.232023,89.63510156075107,3041.5443131463967,0
2025-07-29 20:11:05.332023,89.09935596553396,2980.33474566046,0
2025-07-29 20:11:05.432023,88.11741871202007,2954.7567406120147,0
2025-07-29 20:11:05.532023,87.73502998843094,2961.988275618248,0
2025-07-29 20:11:05.632023,86.98774311443597,2935.9094962912854,0
2025-07-29 20:11:05.732023,87.24992413409505,3008.6067821015204,0
2025-07-29 20:11:05.832023,87.77886299806231,2947.5532974545335,0
2025-07-29 20:11:05.932023,87.50154229813067,2942.5734387685116,0
2025-07-29 20:11:06.032023,88.32343720621785,2973.676729330928,0
2025-07-29 20:11:06.132023,87.48787497173365,3000.7120505456564,0
2025-07-29 20:11:06.232023,87.56096606482646,2944.5300732802657,0
2025-07-29 20:11:06.332023,86.84634987725263,3019.6477229116613,0
2025-07-29 20:11:06.432023,86.22435446688952,2920.413761728202,0
2025-07-29 20:11:06.532023,86.34919511051014,2918.0104936742136,0
2025-07-29 20:11:06.632023,85.822502297921,2973.3419871991423,0
2025-07-29 20:11:06.732023,85.16608738701377,2909.8793563405357,0
2025-07-29 20:11:06.832023,84.36272873630541,2882.9506658557366,0
2025-07-29 20:11:06.932023,85.1656752308608,2970.02079807711,0
2025-07-29 20:11:07.032023,84.880562958822,2947.9463658447507,0
2025-07-29 20:11:07.132023,85.08304712495493,2946.021199580114,0
2025-07-29 20:11:07.232023,85.7274270535044,2945.3637742910196,0
2025-07-29 20:11:07.332023,85.2087722493533,2937.956571839509,0
2025-07-29 20:11:07.432023,85.46865393697661,2935.3469888634363,0
2025-07-29 20:11:07.532023,85.22116149095277,2957.619007248477,0
2025-07-29 20:11:07.632023,85.81600022138191,2922.4106141610005,0
2025-07-29 20:11:07.732023,86.45734728404182,2927.2248859134284,0
2025-07-29 20:11:07.832023,85.90438544464456,2928.773047220374,0
2025-07-29 20:11:07.932023,85.81615592789302,2957.615155292231,0
2025-07-29 20:11:08.032023,86.4655525084241,2922.760666175679,0
2025-07-29 20:11:08.132023,86.13966773581014,2949.3472506430926,0
2025-07-29 20:11:08.232023,85.40695214220041,2940.2505220496364,0
2025-07-29 20:11:08.332023,85.34180263818995,2931.785728941506,0
2025-07-29 20:11:08.432023,86.09604632693281,2982.752044709064,0
2025-07-29 20:11:08.532023,85.92659492784037,2930.621802745691,0
2025-07-29 20:11:08.632023,85.25156635435337,2959.95837337089,0
2025-07-29 20:11:08.732023,85.00766155485854,2929.6151139609933,0
2025-07-29 20:11:08.832023,85.30939792225706,2946.0443355869547,0
2025-07-29 20:11:08.932023,85.37099357230046,2976.2354028887003,0
2025-07-29 20:11:09.032023,84.8543490178436,2938.5271054035948,0
2025-07-29 20:11:09.132023,84.73473805207942,2935.390422079704,0
2025-07-29 20:11:09.232023,85.11448673229742,2889.6827614742783,0
2025-07-29 20:11:09.332023,85.27987601544812,2942.3626481023366,0
2025-07-29 20:11:09.432023,84.90528251978576,2894.4407425891804,0
2025-07-29 20:11:09.532023,84.78362202276372,2877.325312434908,0
2025-07-29 20:11:09.632023,85.38710221644978,2901.094076922079,0
2025-07-29 20:11:09.732023,86.0416583445175,2922.2609836412535,0
2025-07-29 20:11:09.832023,86.3701595472015,2993.4882187235366,0
2025-07-29 20:11:09.932023,87.10142026838055,2998.3002065839764,0
2025-07-29 20:11:10.032023,86.86344883900938,2989.2262692291597,0
2025-07-29 20:11:10.132023,86.77952247943222,2953.834163923607,0
2025-07-29 20:11:10.232023,87.00775642304627,2938.3386171678044,0
2025-07-29 20:11:10.332023,86.99504709179871,2931.8403510689027,0
2025-07-29 20:11:10.432023,86.3896986069116,2919.2403316876525,0
2025-07-29 20:11:10.532023,86.868532783302,2938.261721038825,0
2025-07-29 20:11:10.632023,86.67797286353334,2942.0891761100643,0
2025-07-29 20:11:10.732023,86.1809164034303,2934.815605871505,0
2025-07-29 20:11:10.832023,86.10236071959552,2926.064976361168,0
2025-07-29 20:11:10.932023,86.58309715240655,3002.31905956853,0
2025-07-29 20:11:11.032023,85.61517502695698,2985.9242012010454,0
2025-07-29 20:11:11.132023,84.86922558357625,2875.846222868345,0
2025-07-29 20:11:11.232023,85.14472017911753,2918.4189486270584,0
2025-07-29 20:11:11.332023,84.26106699583057,2881.1010809398895,0
2025-07-29 20:11:11.432023,84.98945668711578,2911.02252581613,0
2025-07-29 20:11:11.532023,84.65080256772032,2952.1481652426746,0
2025-07-29 20:11:11.632023,85.22381608210287,2923.9057083564644,0
2025-07-29 20:11:11.732023,86.02222368801334,2991.9477318804,0
2025-07-29 20:11:11.832023,86.08645507712086,2994.545374929121,0
2025-07-29 20:11:11.932023,86.18338396067028,2927.9611895361304,0
2025-07-29 20:11:12.032023,86.82712571513284,2970.2683811243633,0
2025-07-29 20:11:12.132023,87.57002708596455,3008.1480505411946,0
2025-07-29 20:11:12.232023,87.22761867393866,2964.2075455620998,0
2025-07-29 20:11:12.332023,86.56071613195739,2956.202219721852,0
2025-07-29 20:11:12.432023,86.68801368151308,3016.03771099014,0
2025-07-29 20:11:12.532023,87.01928809009242,3010.8118143314996,0
2025-07-29 20:11:12.632023,87.91894503746758,2995.8959466261167,0
2025-07-29 20:11:12.732023,88.38177176377863,2977.4488590853425,0
2025-07-29 20:11:12.832023,88.59325755419457,3039.4308961966694,0
2025-07-29 20:11:12.932023,87.9396999547663,3036.082207782959,0
2025-07-29 20:11:13.032023,86.98137481949938,2925.265830018825,0
2025-07-29 20:11:13.132023,86.08230275586695,2992.862088202437,0
2025-07-29 20:11:13.232023,86.94757043411663,2945.8381588624347,0
2025-07-29 20:11:13.332023,87.42113372149133,2971.366227476786,0
2025-07-29 20:11:13.432023,87.30038644934118,2992.128302012122,0
2025-07-29 20:11:13.532023,87.09677014412436,2993.645450886675,0
2025-07-29 20:11:13.632023,86.72386694723147,2988.183960173398,0
2025-07-29 20:11:13.732023,86.27197373999579,2911.8175237466303,0
2025-07-29 20:11:13.832023,85.36394755099,2937.2268861692837,0
2025-07-29 20:11:13.932023,85.74185837441384,2974.7786110927896,0
2025-07-29 20:11:14.032023,85.84140553358381,2900.7937768272086,0
2025-07-29 20:11:14.132023,85.78974868094399,2950.7003884026967,0
2025-07-29 20:11:14.232023,85.59117966834133,2962.666270442948,0
2025-07-29 20:11:14.332023,85.50451820227227,2919.186638037135,0
2025-07-29 20:11:14.432023,85.31570817449717,2941.355535228858,0
2025-07-29 20:11:14.532023,85.44222224091357,2904.558039498179,0
2025-07-29 20:11:14.632023,85.46641215885009,2984.1528678493664,0
2025-07-29 20:11:14.732023,85.87242853734139,2915.950047321655,0
2025-07-29 20:11:14.832023,85.04734547077521,2902.931298062317,0
2025-07-29 20:11:14.932023,84.45340624427062,2915.976867229013,0
2025-07-29 20:11:15.032023,,2865.2756056949847,0
2025-07-29 20:11:15.132023,84.61280088488382,2950.554408868832,0
2025-07-29 20:11:15.232023,83.7754755682585,2924.2277590110507,0
2025-07-29 20:11:15.332023,84.45031358524398,2862.5218943277696,0
2025-07-29 20:11:15.432023,84.06578201983093,2939.2602749106645,0
2025-07-29 20:11:15.532023,83.92151415783796,2885.3605823551247,0
2025-07-29 20:11:15.632023,83.80313434278055,2869.3115908597683,0
2025-07-29 20:11:15.732023,84.77570788058908,2950.928393033354,0
2025-07-29 20:11:15.832023,83.93043904630211,2858.3188520575613,0
2025-07-29 20:11:15.932023,83.18338720619538,2925.7543956741733,0
2025-07-29 20:11:16.032023,82.64085725170357,2850.4438737093537,0
2025-07-29 20:11:16.132023,83.49467790115227,2852.0757471301804,0
2025-07-29 20:11:16.232023,83.6082446425395,2926.0596333442454,0
2025-07-29 20:11:16.332023,84.53733724189632,2962.7166611158477,0
2025-07-29 20:11:16.432023,84.05498474917974,2941.0903861156257,0
2025-07-29 20:11:16.532023,84.96271210129362,2921.0278904546,0
2025-07-29 20:11:16.632023,84.9435968384437,2924.5342931632536,0
2025-07-29 20:11:16.732023,85.2430906737975,2901.924443878894,0
2025-07-29 20:11:16.832023,84.73788571623018,2940.870456207239,0
2025-07-29 20:11:16.932023,84.78798732981512,2941.6712187474795,0
2025-07-29 20:11:17.032023,,2943.3368913257746,0
2025-07-29 20:11:17.132023,83.76076832015622,2865.256012825039,0
2025-07-29 20:11:17.232023,83.04317815102088,2904.2643747232655,0
2025-07-29 20:11:17.332023,82.98178755129605,2853.594361303557,0
2025-07-29 20:11:17.432023,82.23692001753712,2869.5005529682776,0
2025-07-29 20:11:17.532023,81.61091931401612,2864.6890978622337,0
2025-07-29 20:11:17.632023,82.53675668823385,2883.0897296800617,0
2025-07-29 20:11:17.732023,81.61371929200104,2851.837131308393,0
2025-07-29 20:11:17.832023,80.83385071118823,2836.5841300094253,0
2025-07-29 20:11:17.932023,80.8024592222138,2806.1067587302377,0
2025-07-29 20:11:18.032023,80.83079671506287,2787.396271431915,0
2025-07-29 20:11:18.132023,81.69379851737781,2805.2661338762373,0
2025-07-29 20:11:18.232023,81.24678127550139,2797.521136138276,0
2025-07-29 20:11:18.332023,80.99388931493114,2874.4233597592856,0
2025-07-29 20:11:18.432023,81.77841555321436,2885.6214721556694,0
2025-07-29 20:11:18.532023,82.17829301739359,2841.365145048507,0
2025-07-29 20:11:18.632023,82.08604183691283,2891.1687198853306,0
2025-07-29 20:11:18.732023,81.29490682426854,2792.461132926264,0
2025-07-29 20:11:18.832023,81.44393909116111,2832.8043932500927,0
2025-07-29 20:11:18.932023,81.31041529596062,2830.141696096846,0
2025-07-29 20:11:19.032023,80.45111709686398,2833.2932803685385,0
2025-07-29 20:11:19.132023,80.85244237584482,2863.7029871664636,0
2025-07-29 20:11:19.232023,80.84610677342829,2856.7287622789245,0
2025-07-29 20:11:19.332023,80.98557784890993,2785.6396211972815,0
2025-07-29 20:11:19.432023,81.56100995833431,2789.611705703459,0
2025-07-29 20:11:19.532023,81.77532694970462,2862.1459955142095,0
2025-07-29 20:11:19.632023,82.1973601510158,2828.8975574715855,0
2025-07-29 20:11:19.732023,82.2469049353088,2830.2913871859373,0
2025-07-29 20:11:19.832023,81.320505078341,2856.135499015791,0
2025-07-29 20:11:19.932023,82.2132231070707,2878.264529236238,0
2025-07-29 20:11:20.032023,81.45416611276045,2815.1840828995328,0
2025-07-29 20:11:20.132023,80.56257599228634,2797.6408355654653,0
2025-07-29 20:11:20.232023,79.64640181260599,2765.7280621391037,0
2025-07-29 20:11:20.332023,79.17532048557176,2734.5991479626155,0
2025-07-29 20:11:20.432023,79.24309076144816,2811.921769734487,0
2025-07-29 20:11:20.532023,79.48685130021657,2751.0185811739316,0
2025-07-29 20:11:20.632023,79.03367948861883,2756.9231330121934,0
2025-07-29 20:11:20.732023,79.8384574301241,2782.237978481484,0
2025-07-29 20:11:20.832023,78.90554661550524,2765.1407607958663,0
2025-07-29 20:11:20.932023,79.21076358570663,2808.527704144645,0
2025-07-29 20:11:21.032023,78.31725164253089,2745.2699402376843,0
2025-07-29 20:11:21.132023,78.41005917182086,2758.5305374119207,0
2025-07-29 20:11:21.232023,78.95371782782497,2731.6571277934195,0
2025-07-29 20:11:21.332023,78.52553421055846,2805.1826666392903,0
2025-07-29 20:11:21.432023,79.33940585005382,2814.3179052823725,0
2025-07-29 20:11:21.532023,79.50369344733222,2763.350384336095,0
2025-07-29 20:11:21.632023,79.34747275854347,2779.3207228948345,0
2025-07-29 20:11:21.732023,78.99280971746546,2755.8084832442805,0
2025-07-29 20:11:21.832023,79.44817159129411,2736.984019113402,0
2025-07-29 20:11:21.932023,79.4374707325113,2787.147656535654,0
2025-07-29 20:11:22.032023,78.82562503560638,2743.7668988804185,0
2025-07-29 20:11:22.132023,78.93026081540148,2798.1609127222932,0
2025-07-29 20:11:22.232023,79.1213509229085,2747.4767906649886,0
2025-07-29 20:11:22.332023,79.58895350392677,2768.484990163918,0
2025-07-29 20:11:22.432023,79.67971827984387,2782.715157580189,0
2025-07-29 20:11:22.532023,79.25647343334995,2739.752201859844,0
2025-07-29 20:11:22.632023,78.38716240408115,2722.9067649343497,0
2025-07-29 20:11:22.732023,78.76231534904053,2765.1399608834545,0
2025-07-29 20:11:22.832023,78.91859822897841,2749.331433275909,0
2025-07-29 20:11:22.932023,77.97520062071025,2766.1109244546374,0
2025-07-29 20:11:23.032023,77.15004638402858,2755.4482594249694,0
2025-07-29 20:11:23.132023,77.77005703393962,2746.44204967924,0
2025-07-29 20:11:23.232023,,2731.356971384083,0
2025-07-29 20:11:23.332023,77.00906499757554,2773.154876528976,0
2025-07-29 20:11:23.432023,77.52819995704363,2725.241055534078,0
2025-07-29 20:11:23.532023,76.5918785225686,2754.8845841261555,0
2025-07-29 20:11:23.632023,77.57404997095759,2732.588539343242,0
2025-07-29 20:11:23.732023,76.90105398189155,2700.295985120772,0
2025-07-29 20:11:23.832023,76.51759757112238,2704.1525248477824,0
2025-07-29 20:11:23.932023,77.40827356139793,2700.9133059527285,0
2025-07-29 20:11:24.032023,76.98813983934808,2696.4865492272893,0
2025-07-29 20:11:24.132023,77.31959949392036,2763.7570132575825,0
2025-07-29 20:11:24.232023,76.38695208162008,2716.0705657232375,0
2025-07-29 20:11:24.332023,76.01569423306537,2718.6785895226394,0
2025-07-29 20:11:24.432023,75.23413421269674,2720.9201737563376,0
2025-07-29 20:11:24.532023,74.58843448663204,2669.8348895239033,0
2025-07-29 20:11:24.632023,73.63662172323002,2658.277554770206,0
2025-07-29 20:11:24.732023,73.92793435629318,2631.302971234436,0
2025-07-29 20:11:24.832023,74.57587581134176,2641.999575336552,0
2025-07-29 20:11:24.932023,75.13925123010608,2667.6480036993453,0
2025-07-29 20:11:25.032023,74.40541312648597,2640.083560285627,0
2025-07-29 20:11:25.132023,73.61577158313067,2598.1881161296747,0
2025-07-29 20:11:25.232023,72.80095766452152,2592.686868917932,0
2025-07-29 20:11:25.332023,71.88575898214778,2601.7647377478634,0
2025-07-29 20:11:25.432023,72.77926426814042,2654.3839828879545,0
2025-07-29 20:11:25.532023,73.741112486243,2658.40170879338,0
2025-07-29 20:11:25.632023,73.4958984364641,2642.243625356572,0
2025-07-29 20:11:25.732023,74.23121261522405,2660.3235167709563,0
2025-07-29 20:11:25.832023,74.6842903456847,2626.1004034332445,0
2025-07-29 20:11:25.932023,74.60898836866521,2702.359073127398,0
2025-07-29 20:11:26.032023,74.83787183443957,2683.0674853056335,0
2025-07-29 20:11:26.132023,73.96842491909179,2674.467368374684,0
2025-07-29 20:11:26.232023,73.80551328661866,2630.3242332332516,0
2025-07-29 20:11:26.332023,73.63113902103244,2654.403955123229,0
2025-07-29 20:11:26.432023,73.08882403857996,2636.995179845204,0
2025-07-29 20:11:26.532023,72.1473450949088,2617.9337032901717,0
2025-07-29 20:11:26.632023,71.24695920182657,2601.0766766731535,0
2025-07-29 20:11:26.732023,70.89862774594222,2547.169528577315,0
2025-07-29 20:11:26.832023,69.95443539407273,2590.562878206453,0
2025-07-29 20:11:26.932023,70.91270073150012,2571.895958467366,0
2025-07-29 20:11:27.032023,,2532.7351868530895,0
2025-07-29 20:11:27.132023,70.7754952672057,2607.4190153411473,0
2025-07-29 20:11:27.232023,71.2131561969317,2553.896082556516,0
2025-07-29 20:11:27.332023,70.22120258056492,2575.086222044013,0
2025-07-29 20:11:27.432023,71.20629829605565,2586.7267170056616,0
2025-07-29 20:11:27.532023,70.68351893874083,2591.6528390978133,0
2025-07-29 20:11:27.632023,70.65878285960467,2571.546069117686,0
2025-07-29 20:11:27.732023,71.14848267192826,2625.0939475915948,0
2025-07-29 20:11:27.832023,71.19273287581663,2565.9830035289133,0
2025-07-29 20:11:27.932023,71.24731132678309,2589.529522862174,0
2025-07-29 20:11:28.032023,70.85343946112935,2610.620101243239,0
2025-07-29 20:11:28.132023,70.1957894131877,2599.119464654631,0
2025-07-29 20:11:28.232023,69.63197315591461,2550.259898421027,0
2025-07-29 20:11:28.332023,69.15627984659587,2556.500556014816,0
2025-07-29 20:11:28.432023,69.6406935259533,2496.0392727806047,0
2025-07-29 20:11:28.532023,69.09078214989196,2532.1186201556807,0
2025-07-29 20:11:28.632023,69.91900281486966,2516.7404023893873,0
2025-07-29 20:11:28.732023,70.85389682999778,2525.067978634128,0
2025-07-29 20:11:28.832023,71.26540564096439,2551.5502286880533,0
2025-07-29 20:11:28.932023,70.7128483323432,2540.4713654723064,0
2025-07-29 20:11:29.032023,70.40299255896974,2523.393177174766,0
2025-07-29 20:11:29.132023,71.32614847824414,2631.6178632983715,0
2025-07-29 20:11:29.232023,70.88788782184679,2569.243548208052,0
2025-07-29 20:11:29.332023,69.93295111538944,2568.3132544672835,0
2025-07-29 20:11:29.432023,69.79513013048526,2594.2458689598225,0
2025-07-29 20:11:29.532023,68.99694585167947,2485.166531819721,0
2025-07-29 20:11:29.632023,69.7705312056772,2521.5775803249026,0
2025-07-29 20:11:29.732023,70.43947416933226,2594.5537474603907,0
2025-07-29 20:11:29.832023,70.00527953771754,2588.883323847382,0
2025-07-29 20:11:29.932023,69.9431680445604,2537.0933766561066,0
2025-07-29 20:11:30.032023,69.9818923311324,2543.691980793007,0
2025-07-29 20:11:30.132023,70.44268413474433,2590.41954478554,0
2025-07-29 20:11:30.232023,70.39604680058115,2560.137813083135,0
2025-07-29 20:11:30.332023,71.1594364181068,2555.7469182814334,0
2025-07-29 20:11:30.432023,71.42314930539284,2577.235156177439,0
2025-07-29 20:11:30.532023,70.69980489585353,2517.991108509804,0
2025-07-29 20:11:30.632023,71.21366915132865,2613.8472017359954,0
2025-07-29 20:11:30.732023,72.01552934733938,2586.6872426657665,0
2025-07-29 20:11:30.832023,72.95682337574596,2625.435305395792,0
2025-07-29 20:11:30.932023,72.94654745091871,2592.392099084381,0
2025-07-29 20:11:31.032023,72.23596072211771,2629.258194045393,0
2025-07-29 20:11:31.132023,71.68946483410777,2601.1737590263897,0
2025-07-29 20:11:31.232023,70.75620018220793,2588.3268477702372,0
2025-07-29 20:11:31.332023,71.3605017518739,2629.903297553292,0
2025-07-29 20:11:31.432023,72.2910655858743,2604.50651535064,0
2025-07-29 20:11:31.532023,72.89285901441554,2614.1087705713926,0
2025-07-29 20:11:31.632023,73.79357166124844,2623.951824385934,0
2025-07-29 20:11:31.732023,73.59911669313875,2668.452846432871,0
2025-07-29 20:11:31.832023,73.86299907733927,2671.903294183075,0
2025-07-29 20:11:31.932023,74.19329898672889,2630.3039499183064,0
2025-07-29 20:11:32.032023,74.87253781310963,2715.0556526361547,0
2025-07-29 20:11:32.132023,75.21798111197282,2645.1135933153064,0
2025-07-29 20:11:32.232023,75.12574903930724,2684.099464497838,0
2025-07-29 20:11:32.332023,74.47866586906947,2658.7359705257218,0
2025-07-29 20:11:32.432023,74.45159184629543,2637.9710604776647,0
2025-07-29 20:11:32.532023,75.12274381492955,2650.6700884100005,0
2025-07-29 20:11:32.632023,75.88140571142219,2706.8175047015825,0
2025-07-29 20:11:32.732023,75.84567765426202,2646.328133578072,0
2025-07-29 20:11:32.832023,74.85707558989161,2689.9580748427534,0
2025-07-29 20:11:32.932023,74.56343564755008,2666.303657165876,0
2025-07-29 20:11:33.032023,75.41431241759146,2668.742403354786,0
2025-07-29 20:11:33.132023,75.1537976119401,2673.4423346445365,0
2025-07-29 20:11:33.232023,74.57910053670858,2706.4219463138643,0
2025-07-29 20:11:33.332023,74.1684530050553,2669.4225904725345,0
2025-07-29 20:11:33.432023,73.22068632102425,2633.609376938436,0
2025-07-29 20:11:33.532023,72.90617859378953,2602.517020652776,0
2025-07-29 20:11:33.632023,73.88504423207532,2597.63395729795,0
2025-07-29 20:11:33.732023,72.93996922118879,2666.995425816781,0
2025-07-29 20:11:33.832023,72.68954025717836,2574.3618168247885,0
2025-07-29 20:11:33.932023,72.22370716667122,2576.6581866442134,0
2025-07-29 20:11:34.032023,72.16272309481425,2620.4003175226303,0
2025-07-29 20:11:34.132023,71.86678667502962,2588.957511495401,0
2025-07-29 20:11:34.232023,71.65404788433706,2601.529961940308,0
2025-07-29 20:11:34.332023,70.65533949427957,2517.342654705678,0
2025-07-29 20:11:34.432023,70.42917741397294,2547.874944702086,0
2025-07-29 20:11:34.532023,71.27945331674196,2564.495970973394,0
2025-07-29 20:11:34.632023,71.17021653909518,2604.440232194724,0
2025-07-29 20:11:34.732023,70.3404636088808,2512.865957971635,0
2025-07-29 20:11:34.832023,70.39457769797345,2520.2020990688743,0
2025-07-29 20:11:34.932023,70.24076757973046,2555.267018174819,0
2025-07-29 20:11:35.032023,70.55991083840347,2597.215441888294,0
2025-07-29 20:11:35.132023,70.67706925889959,2536.393632973851,0
2025-07-29 20:11:35.232023,71.33161988662752,2613.372645911352,0
2025-07-29 20:11:35.332023,70.38239837182944,2526.4835471229417,0
2025-07-29 20:11:35.432023,70.47370247709293,2528.4534741250177,0
2025-07-29 20:11:35.532023,70.01011698366861,2579.1285909413978,0
2025-07-29 20:11:35.632023,69.38014784038447,2511.5704233085735,0
2025-07-29 20:11:35.732023,68.79902875091271,2515.7486456577867,0
2025-07-29 20:11:35.832023,68.84970607328898,2489.787850037096,0
2025-07-29 20:11:35.932023,69.45620010385186,2507.9623549768476,0
2025-07-29 20:11:36.032023,69.10876734568689,2497.3964382614045,0
2025-07-29 20:11:36.132023,69.60072625877666,2548.296201373637,0
2025-07-29 20:11:36.232023,69.32274624666032,2577.4887625462775,0
2025-07-29 20:11:36.332023,68.69992798922593,2476.6035761543003,0
2025-07-29 20:11:36.432023,69.32564840986421,2568.6763334462644,0
2025-07-29 20:11:36.532023,69.20748004272431,2526.7130807629696,0
2025-07-29 20:11:36.632023,69.17656138975582,2482.3535408771854,0
2025-07-29 20:11:36.732023,69.14267290945219,2571.86298061858,0
2025-07-29 20:11:36.832023,69.48045867100612,2512.52945359697,0
2025-07-29 20:11:36.932023,68.62266395768317,2518.336714999746,0
2025-07-29 20:11:37.032023,67.98048318646397,1801.7907993528665,1
2025-07-29 20:11:37.132023,66.79282501521925,1760.3158014329044,1
2025-07-29 20:11:37.232023,66.06053928920484,1818.2452763393865,1
2025-07-29 20:11:37.332023,64.80840615046043,1794.608534052979,1
2025-07-29 20:11:37.432023,63.898391694691526,1777.9262634653212,1
2025-07-29 20:11:37.532023,62.99425862526057,1726.8004794884405,1
2025-07-29 20:11:37.632023,61.86175686289872,1770.8509973584346,1
2025-07-29 20:11:37.732023,61.52190135514233,1694.3899089649449,1
2025-07-29 20:11:37.832023,60.51686208093412,1667.4478603221544,1
2025-07-29 20:11:37.932023,60.10238880069511,1745.7987953971221,1
2025-07-29 20:11:38.032023,59.29497881622446,1658.8426017348847,1
2025-07-29 20:11:38.132023,58.05975936788713,1645.4449929333653,1
2025-07-29 20:11:38.232023,57.53900264323744,1650.7637479073715,1
2025-07-29 20:11:38.332023,56.5058291181573,1615.122454500874,1
2025-07-29 20:11:38.432023,55.78142679149476,1610.899747844586,1
2025-07-29 20:11:38.532023,55.13668679227626,1608.6059049956539,1
2025-07-29 20:11:38.632023,54.14728090332228,1574.836978055416,1
2025-07-29 20:11:38.732023,53.479092506782315,1615.3268097470163,1
2025-07-29 20:11:38.832023,52.81037670660365,1619.5185353892434,1
2025-07-29 20:11:38.932023,51.584752232350816,1572.8981497094346,1
2025-07-29 20:11:39.032023,51.00066376908035,1542.2571657593107,1
2025-07-29 20:11:39.132023,50.2087877239388,1521.5720706036116,1
2025-07-29 20:11:39.232023,49.51474459240066,1520.3038657665625,1
2025-07-29 20:11:39.332023,49.11566019897816,1517.4996894478093,1
2025-07-29 20:11:39.432023,48.762894196186316,1519.5111807340097,1
2025-07-29 20:11:39.532023,47.87056243205777,1473.415517056268,1
2025-07-29 20:11:39.632023,46.84123149974399,1459.459238406675,1
2025-07-29 20:11:39.732023,46.315234493474776,1463.1818481948521,1
2025-07-29 20:11:39.832023,45.918259464265375,1442.4367482941232,1
2025-07-29 20:11:39.932023,45.59894069170006,1491.2640028147136,1
2025-07-29 20:11:40.032023,45.06589301131133,1507.1290130199363,1
2025-07-29 20:11:40.132023,44.607261221738455,1488.4439840947277,1
2025-07-29 20:11:40.232023,43.99575651745577,1500.3797716669685,1
2025-07-29 20:11:40.332023,43.27563708751077,1449.6116865671213,1
2025-07-29 20:11:40.432023,42.833689842395366,1432.0172626141066,1
2025-07-29 20:11:40.532023,42.38607120018048,1469.7966597023456,1
2025-07-29 20:11:40.632023,41.40715735446986,1438.6604016037306,1
2025-07-29 20:11:40.732023,40.21017946148853,1410.672593002318,1
2025-07-29 20:11:40.832023,39.6872627981203,1350.8154575858448,1
2025-07-29 20:11:40.932023,39.233517325927636,1352.058859457168,1
2025-07-29 20:11:41.032023,37.952603672232456,1366.0602612250614,1
2025-07-29 20:11:41.132023,36.660204202606124,1333.938987459731,1
2025-07-29 20:11:41.232023,35.71884744932863,1286.3875005863347,1
2025-07-29 20:11:41.332023,35.12962611126408,1307.9055007708614,1
2025-07-29 20:11:41.432023,34.59856448055062,1332.5402502017685,1
2025-07-29 20:11:41.532023,34.23413776122901,1306.4119916871362,1
2025-07-29 20:11:41.632023,33.189483270964644,1275.996101875942,1
2025-07-29 20:11:41.732023,32.5023096566397,1264.672819824435,1
2025-07-29 20:11:41.832023,31.46449497074931,1248.7469635533773,1
2025-07-29 20:11:41.932023,30.756366142346817,1294.052974991661,1
2025-07-29 20:11:42.032023,29.792111959078873,1214.5170861477122,1
2025-07-29 20:11:42.132023,29.095445688073763,1201.2982670571275,1
2025-07-29 20:11:42.232023,28.778934361867314,1243.674813479569,1
2025-07-29 20:11:42.332023,28.170977662338625,1202.662510149897,1
2025-07-29 20:11:42.432023,27.50253226062416,1210.8407544027232,1
2025-07-29 20:11:42.532023,26.41915358569427,1235.8755718504983,1
2025-07-29 20:11:42.632023,25.269813528095586,1165.5551746978188,1
2025-07-29 20:11:42.732023,24.244614014732225,1187.2716918748506,1
2025-07-29 20:11:42.832023,23.287996930683633,1105.3234959521362,1
2025-07-29 20:11:42.932023,22.70330206002767,1114.91440574378,1
2025-07-29 20:11:43.032023,21.581442262469874,1159.6613045195904,1
2025-07-29 20:11:43.132023,21.025934619912352,1142.1653514397053,1
2025-07-29 20:11:43.232023,20.689880286734137,1063.1670936008995,1
2025-07-29 20:11:43.332023,20.143311967979756,1150.9410422181943,1
2025-07-29 20:11:43.432023,19.780637737850228,1140.2647312218487,1
2025-07-29 20:11:43.532023,18.87792120589438,1099.3977543355995,1
2025-07-29 20:11:43.632023,17.917694335705708,1077.6129036196187,1
2025-07-29 20:11:43.732023,17.46795822200027,1067.0967357827433,1
2025-07-29 20:11:43.832023,16.204210217865565,1006.9274158277343,1
2025-07-29 20:11:43.932023,14.943797868884452,1016.4551020576765,1
2025-07-29 20:11:44.032023,14.02538099925282,1049.7865220007745,1
2025-07-29 20:11:44.132023,13.253401145913557,1006.7435197209469,1
2025-07-29 20:11:44.232023,12.46534540285436,1021.8113551985845,1
2025-07-29 20:11:44.332023,11.914423929777634,1006.4543551203997,1
2025-07-29 20:11:44.432023,10.709505794384858,977.8132196203048,1
2025-07-29 20:11:44.532023,9.931124490100409,947.2911807050243,1
2025-07-29 20:11:44.632023,9.550624377413893,944.6890303415771,1
2025-07-29 20:11:44.732023,8.617689562242001,940.1301372576379,1
2025-07-29 20:11:44.832023,7.685955434421437,908.6539708309305,1
2025-07-29 20:11:44.932023,6.608596706321423,875.9659803991603,1
2025-07-29 20:11:45.032023,6.049688485295786,864.691075706512,1
2025-07-29 20:11:45.132023,5.148217609052175,920.9625056348405,1
2025-07-29 20:11:45.232023,4.730046000889424,856.1372593153229,1
2025-07-29 20:11:45.332023,4.176509762794883,871.0710190247594,1
2025-07-29 20:11:45.432023,3.1399227258605276,858.5946933268774,1
2025-07-29 20:11:45.532023,1.879543670516556,800.0,1
2025-07-29 20:11:45.632023,0.7684617434979844,811.7841340795007,1
2025-07-29 20:11:45.732023,0.2692026759677334,853.2996512033678,1
2025-07-29 20:11:45.832023,0.0,800.0,1
2025-07-29 20:11:45.932023,0.0,800.0,1
2025-07-29 20:11:46.032023,,800.0,1
2025-07-29 20:11:46.132023,0.0,800.0,1
2025-07-29 20:11:46.232023,0.0,800.0,1
2025-07-29 20:11:46.332023,0.0,800.0,1
2025-07-29 20:11:46.432023,0.0,800.0,1
2025-07-29 20:11:46.532023,0.0,800.0,1
2025-07-29 20:11:46.632023,0.0,800.0,1
2025-07-29 20:11:46.732023,0.0,800.0,1
2025-07-29 20:11:46.832023,0.0,800.0,1
2025-07-29 20:11:46.932023,0.0,800.0,1
2025-07-29 20:11:47.032023,0.6958977940007525,800.0,0
2025-07-29 20:11:47.132023,0.6117938297875796,800.0,0
2025-07-29 20:11:47.232023,0.0,800.0,0
2025-07-29 20:11:47.332023,0.9922518568437899,848.9695381207048,0
2025-07-29 20:11:47.432023,0.49688609164196973,800.0,0
2025-07-29 20:11:47.532023,0.40622358266945846,842.2359793222136,0
2025-07-29 20:11:47.632023,0.012412781385517713,816.0635256180609,0
2025-07-29 20:11:47.732023,0.0,800.0,0
2025-07-29 20:11:47.832023,0.0,800.0,0
2025-07-29 20:11:47.932023,0.0,800.0,0
2025-07-29 20:11:48.032023,0.0,800.0,0
2025-07-29 20:11:48.132023,0.0,800.0,0
2025-07-29 20:11:48.232023,0.0,800.0,0
2025-07-29 20:11:48.332023,0.0,800.0,0
2025-07-29 20:11:48.432023,0.0,800.0,0
2025-07-29 20:11:48.532023,0.0,800.0,0
2025-07-29 20:11:48.632023,0.0,800.0,0
2025-07-29 20:11:48.732023,0.0,800.0,0
2025-07-29 20:11:48.832023,0.0,800.0,0
2025-07-29 20:11:48.932023,0.24469676546490682,800.0,0
2025-07-29 20:11:49.032023,0.0,800.0,0
2025-07-29 20:11:49.132023,0.6538889910487322,800.0,0
2025-07-29 20:11:49.232023,1.124822827716582,800.0,0
2025-07-29 20:11:49.332023,1.0499505515647387,801.6201480971929,0
2025-07-29 20:11:49.432023,0.0774452372498271,800.0,0
2025-07-29 20:11:49.532023,0.2719037281069103,800.0,0
2025-07-29 20:11:49.632023,0.0,800.0,0
2025-07-29 20:11:49.732023,0.0,800.0,0
2025-07-29 20:11:49.832023,0.0,800.0,0
2025-07-29 20:11:49.932023,0.17392348743758035,800.0,0
2025-07-29 20:11:50.032023,0.5242229191956094,838.8003074556061,0
2025-07-29 20:11:50.132023,1.339683591749488,855.1764403352122,0
2025-07-29 20:11:50.232023,2.2783505602120266,859.3805682430492,0
2025-07-29 20:11:50.332023,2.4733669718568914,850.5191083356906,0
2025-07-29 20:11:50.432023,2.7598542508105965,906.6362869384452,0
2025-07-29 20:11:50.532023,3.6899580437822586,914.0008436375327,0
2025-07-29 20:11:50.632023,3.7377252359685835,872.6254512771953,0
2025-07-29 20:11:50.732023,3.636506612677044,889.2181089784956,0
2025-07-29 20:11:50.832023,4.226025268150899,917.1755934056393,0
2025-07-29 20:11:50.932023,4.606563721988748,934.4926962974637,0
2025-07-29 20:11:51.032023,4.314704043954475,963.1789637541082,0
2025-07-29 20:11:51.132023,3.761335474374502,876.8702302181031,0
2025-07-29 20:11:51.232023,3.3475809531311302,929.0143635836339,0
2025-07-29 20:11:51.332023,3.740166771056414,879.2509165114946,0
2025-07-29 20:11:51.432023,3.496812079243904,876.968031158117,0
2025-07-29 20:11:51.532023,3.4291572378182678,936.5360426420447,0
2025-07-29 20:11:51.632023,4.17411614839938,925.0438511320557,0
2025-07-29 20:11:51.732023,4.514730982238386,939.6115278988138,0
2025-07-29 20:11:51.832023,5.139561602273599,965.7809238891186,0
2025-07-29 20:11:51.932023,5.464741550686464,1005.3500926384936,0
2025-07-29 20:11:52.032023,4.729465003429591,936.0148596226973,0
2025-07-29 20:11:52.132023,4.331856810581314,899.9348523517233,0
2025-07-29 20:11:52.232023,3.463723791504412,896.1720916835197,0
2025-07-29 20:11:52.332023,2.7200068068088354,834.8524692520891,0
2025-07-29 20:11:52.432023,3.532143902314382,920.1182387678431,0
2025-07-29 20:11:52.532023,,932.5700053573576,0
2025-07-29 20:11:52.632023,3.396176988116685,940.0568870177472,0
2025-07-29 20:11:52.732023,4.351678774053413,914.9648470333351,0
2025-07-29 20:11:52.832023,5.036439750615068,985.4047470939772,0
2025-07-29 20:11:52.932023,4.437315423835372,927.3239699570344,0
2025-07-29 20:11:53.032023,5.21898787246254,,0
2025-07-29 20:11:53.132023,5.355280589072013,973.6210072043874,0
2025-07-29 20:11:53.232023,5.451450861300634,942.6806589272383,0
2025-07-29 20:11:53.332023,5.90611666371277,955.3623084007357,0
2025-07-29 20:11:53.432023,6.5832382520148816,1041.97921464565,0
2025-07-29 20:11:53.532023,6.781113775780963,1031.2428149057685,0
2025-07-29 20:11:53.632023,6.648393643277275,1007.3743659163855,0
2025-07-29 20:11:53.732023,6.245203701494198,1014.6145524946245,0
2025-07-29 20:11:53.832023,7.166314602294462,1036.344502795128,0
2025-07-29 20:11:53.932023,6.504881415686565,1038.1309139058894,0
2025-07-29 20:11:54.032023,6.859878552498232,978.281599444151,0
2025-07-29 20:11:54.132023,7.6256072683001825,1074.4253111039275,0
2025-07-29 20:11:54.232023,6.910036819461828,1022.5318209395688,0
2025-07-29 20:11:54.332023,7.244900574188424,977.9068588164469,0
2025-07-29 20:11:54.432023,6.897625166455306,972.7111326741865,0
2025-07-29 20:11:54.532023,6.104741194330693,1017.9401853285073,0
2025-07-29 20:11:54.632023,5.233574828612027,920.0594256598688,0
2025-07-29 20:11:54.732023,4.670433081556789,932.8105727696588,0
2025-07-29 20:11:54.832023,5.337539330145242,916.4347232932885,0
2025-07-29 20:11:54.932023,5.632235816580672,950.889105357516,0
2025-07-29 20:11:55.032023,5.272844859784369,1007.5445351480854,0
2025-07-29 20:11:55.132023,5.331975436134624,1007.5700830433811,0
2025-07-29 20:11:55.232023,4.77493567086433,912.2157503985626,0
2025-07-29 20:11:55.332023,3.8156647206099814,906.2159700176825,0
2025-07-29 20:11:55.432023,4.532987968215053,920.9914831333529,0
2025-07-29 20:11:55.532023,3.948509180646086,938.4815375271922,0
2025-07-29 20:11:55.632023,3.5014582604480884,881.9633908461449,0
2025-07-29 20:11:55.732023,3.221771483193711,874.8749847851757,0
2025-07-29 20:11:55.832023,3.7324338757906674,931.0529113995706,0
2025-07-29 20:11:55.932023,3.308441290297885,878.068037467176,0
2025-07-29 20:11:56.032023,3.595040143509719,922.2726169450038,0
2025-07-29 20:11:56.132023,3.868023136614625,895.5245766448319,0
2025-07-29 20:11:56.232023,2.9976397795886944,904.9918432963191,0
2025-07-29 20:11:56.332023,3.821042115300947,888.6905783184607,0
2025-07-29 20:11:56.432023,4.063206426449243,893.6414092760912,0
2025-07-29 20:11:56.532023,3.6762131399756193,913.2711682649611,0
2025-07-29 20:11:56.632023,3.699719380621593,922.3347206886605,0
2025-07-29 20:11:56.732023,3.8157151859342706,873.144499476884,0
2025-07-29 20:11:56.832023,3.2573314664070194,940.6143446689882,0
2025-07-29 20:11:56.932023,3.259858192256387,893.3266772276775,0
2025-07-29 20:11:57.032023,3.734137014915066,948.3097095539713,0
2025-07-29 20:11:57.132023,3.583637893898991,857.6862466086985,0
2025-07-29 20:11:57.232023,3.6793595671007484,898.2747182395902,0
2025-07-29 20:11:57.332023,3.656842292718916,899.3690571607609,0
2025-07-29 20:11:57.432023,3.7519069273647867,867.373770627473,0
2025-07-29 20:11:57.532023,3.5604404014854816,857.1251292230819,0
2025-07-29 20:11:57.632023,4.501195830477453,954.037268728222,0
2025-07-29 20:11:57.732023,3.5842497150578794,904.0825435259645,0
2025-07-29 20:11:57.832023,2.933062689018925,866.180905198095,0
2025-07-29 20:11:57.932023,2.245446075013175,861.3637867182208,0
2025-07-29 20:11:58.032023,1.2821103619979881,858.9167375255299,0
2025-07-29 20:11:58.132023,1.785631838156441,888.4668920441513,0
2025-07-29 20:11:58.232023,1.646113566158291,828.4267895874956,0
2025-07-29 20:11:58.332023,0.7166589069787686,800.0,0
2025-07-29 20:11:58.432023,1.316462365284823,853.393528181823,0
2025-07-29 20:11:58.532023,1.417119121136972,859.0828463433047,0
2025-07-29 20:11:58.632023,1.6682544991157224,875.2074613795949,0
2025-07-29 20:11:58.732023,2.6458179512607876,901.7655192827915,0
2025-07-29 20:11:58.832023,2.4403019053487114,877.7727282599565,0
2025-07-29 20:11:58.932023,2.0310178294114967,886.3750739233915,0
2025-07-29 20:11:59.032023,2.570634304412363,924.0135545395873,0
2025-07-29 20:11:59.132023,3.437413725157816,911.3359797556936,0
2025-07-29 20:11:59.232023,3.8434200004587074,917.8179864330813,0
2025-07-29 20:11:59.332023,4.035901307263253,873.5211492481021,0
2025-07-29 20:11:59.432023,3.1377826543108913,848.1414197448281,0
2025-07-29 20:11:59.532023,2.92447164347812,921.3838607145501,0
2025-07-29 20:11:59.632023,2.033347504306165,820.3946547351427,0
2025-07-29 20:11:59.732023,2.120047062719305,864.4581066754951,0
2025-07-29 20:11:59.832023,2.487245920054578,901.672770846936,0
2025-07-29 20:11:59.932023,2.201109256637497,889.2375389283807,0
2025-07-29 20:12:00.032023,1.8583196487537563,815.7606063525177,0
2025-07-29 20:12:00.132023,2.838294632738692,915.6414667790833,0
2025-07-29 20:12:00.232023,3.481326336845732,917.1191925534424,0
2025-07-29 20:12:00.332023,2.773707548732819,877.1246658980576,0
2025-07-29 20:12:00.432023,3.244063206196214,865.4881287123475,0
2025-07-29 20:12:00.532023,2.70856243032287,903.6994136507617,0
2025-07-29 20:12:00.632023,3.168863255392113,867.454821043377,0
2025-07-29 20:12:00.732023,,891.7797956103972,0
2025-07-29 20:12:00.832023,2.7875548572132027,868.9904209269976,0
2025-07-29 20:12:00.932023,3.3995999273911495,900.4617380516856,0
2025-07-29 20:12:01.032023,4.046458702095288,915.8921245065127,0
2025-07-29 20:12:01.132023,4.80671887323888,908.1188868226197,0
2025-07-29 20:12:01.232023,4.425531537954664,911.4786147886048,0
2025-07-29 20:12:01.332023,5.090246986552051,999.1414232753233,0
2025-07-29 20:12:01.432023,4.163341117550743,941.1489065051879,0
2025-07-29 20:12:01.532023,4.227127650830712,880.6606158854864,0
2025-07-29 20:12:01.632023,3.693688325262726,908.6757956065231,0
2025-07-29 20:12:01.732023,4.46404044724295,902.9882087022116,0
2025-07-29 20:12:01.832023,4.242858832770465,968.8989765584973,0
2025-07-29 20:12:01.932023,3.8511289908555204,900.974366382881,0
2025-07-29 20:12:02.032023,4.059628962188345,966.2647112146174,0
2025-07-29 20:12:02.132023,3.42041160638412,947.2833276265527,0
2025-07-29 20:12:02.232023,3.8970780445932762,938.3690829771436,0
2025-07-29 20:12:02.332023,4.1475003115665485,892.7945828649976,0
2025-07-29 20:12:02.432023,3.3550743294344025,934.8570837291544,0
2025-07-29 20:12:02.532023,3.6646154169140392,892.1778460514253,0
2025-07-29 20:12:02.632023,2.7098041685069942,885.52143375227,0
2025-07-29 20:12:02.732023,3.7018976516267834,914.0050937086918,0
2025-07-29 20:12:02.832023,4.189128499457989,886.4992187144501,0
2025-07-29 20:12:02.932023,4.237027824432169,904.8917790888895,0
2025-07-29 20:12:03.032023,3.9057302482105953,890.5730641134588,0
2025-07-29 20:12:03.132023,3.2968987241169563,939.06343634463,0
2025-07-29 20:12:03.232023,3.2889102737608598,857.0074224997707,0
2025-07-29 20:12:03.332023,3.295762797668618,,0
2025-07-29 20:12:03.432023,3.074851210097811,902.6075621535128,0
2025-07-29 20:12:03.532023,2.9159042683559764,865.9484451281243,0
2025-07-29 20:12:03.632023,3.8802248783979376,899.4277200802122,0
2025-07-29 20:12:03.732023,4.534204538312235,974.760505024859,0
2025-07-29 20:12:03.832023,5.4214302220779365,920.1674587052673,0
2025-07-29 20:12:03.932023,4.950488796873844,914.5262937436403,0
2025-07-29 20:12:04.032023,4.741697092690622,933.9101993873502,0
2025-07-29 20:12:04.132023,5.564691284300482,920.8189859159048,0
2025-07-29 20:12:04.232023,5.336974421288608,1007.0194124278369,0
2025-07-29 20:12:04.332023,4.46049799876543,948.9406629474753,0
2025-07-29 20:12:04.432023,3.6075232447904897,908.8062917506129,0
2025-07-29 20:12:04.532023,3.034996393056142,925.5950147260883,0
2025-07-29 20:12:04.632023,3.784885197036574,935.6083773650207,0
2025-07-29 20:12:04.732023,3.4990720489260356,938.4522019244826,0
2025-07-29 20:12:04.832023,4.024139548339888,964.1080030272045,0
2025-07-29 20:12:04.932023,4.59205173702107,942.895046560728,0
2025-07-29 20:12:05.032023,4.676628621285284,952.9751547559418,0
2025-07-29 20:12:05.132023,5.657319534895665,988.603533921533,0
2025-07-29 20:12:05.232023,5.547585740237635,1007.6186274302106,0
2025-07-29 20:12:05.332023,5.474367740770884,972.0824283066626,0
2025-07-29 20:12:05.432023,6.293763654081161,1020.1147153447641,0
2025-07-29 20:12:05.532023,6.7790887471489025,1017.4250529847048,0
2025-07-29 20:12:05.632023,7.769696073124661,1007.4249193267317,0
2025-07-29 20:12:05.732023,8.354869830782537,1012.3207530204594,0
2025-07-29 20:12:05.832023,8.417156284440864,1040.6904923858785,0
2025-07-29 20:12:05.932023,7.63158572368155,1021.8379136210232,0
2025-07-29 20:12:06.032023,7.650610362334055,997.7503314046859,0
2025-07-29 20:12:06.132023,8.606412994248775,1102.9506325615355,0
2025-07-29 20:12:06.232023,9.573030238999259,1062.1022591438823,0
2025-07-29 20:12:06.332023,9.256047341941041,1126.6156424337532,0
2025-07-29 20:12:06.432023,8.739311803622158,1029.9056565264038,0
2025-07-29 20:12:06.532023,9.722526438196736,1111.8528008636729,0
2025-07-29 20:12:06.632023,9.807649214191093,1106.8206471022513,0
2025-07-29 20:12:06.732023,10.368345091001057,1160.4692202349383,0
2025-07-29 20:12:06.832023,11.36399459931372,1106.5658066366561,0
2025-07-29 20:12:06.932023,10.89017099269531,1128.7640081193022,0
2025-07-29 20:12:07.032023,11.0773073995029,1191.6676287131543,0
2025-07-29 20:12:07.132023,11.766153849944798,1105.5016611556455,0
2025-07-29 20:12:07.232023,12.603117646651969,1111.6195390248697,0
2025-07-29 20:12:07.332023,12.912730234195607,1109.294760076903,0
2025-07-29 20:12:07.432023,13.304141924917042,1199.0138355732672,0
2025-07-29 20:12:07.532023,13.35868607577701,1150.8588317303215,0
2025-07-29 20:12:07.632023,13.619170046603582,1137.4989989780352,0
2025-07-29 20:12:07.732023,14.276585460254209,1230.00967873311,0
2025-07-29 20:12:07.832023,14.844522148233096,1131.4316893844348,0
2025-07-29 20:12:07.932023,14.894433940052101,1135.6783173085018,0
2025-07-29 20:12:08.032023,15.14713420332001,1232.6045738901114,0
2025-07-29 20:12:08.132023,15.22019253230356,1212.8130949456504,0
2025-07-29 20:12:08.232023,15.3203354350481,1263.3151316184221,0
2025-07-29 20:12:08.332023,15.869515920805144,1196.751546515124,0
2025-07-29 20:12:08.432023,16.139869911251573,1339.7938507459921,0
2025-07-29 20:12:08.532023,16.523763709908238,1276.2075044836556,0
2025-07-29 20:12:08.632023,16.576181166407487,1177.2629686644007,0
2025-07-29 20:12:08.732023,16.724822325673095,1273.2516833719562,0
2025-07-29 20:12:08.832023,16.7289776673702,1214.9192082415184,0
2025-07-29 20:12:08.932023,17.249765542813776,1324.05072836007,0
2025-07-29 20:12:09.032023,17.445780395170406,1243.26319620264,0
2025-07-29 20:12:09.132023,18.244637234042887,1293.397168151765,0
2025-07-29 20:12:09.232023,18.379967655829617,1256.2666809072032,0
2025-07-29 20:12:09.332023,,1345.1896701793626,0
2025-07-29 20:12:09.432023,18.73816345382688,1252.5991235313923,0
2025-07-29 20:12:09.532023,19.14509978438968,1280.1023661743302,0
2025-07-29 20:12:09.632023,20.107004137637524,1320.3625885936058,0
2025-07-29 20:12:09.732023,20.628476667179555,1450.8280524648344,0
2025-07-29 20:12:09.832023,20.771563187750168,1355.3625547667868,0
2025-07-29 20:12:09.932023,21.679185824227424,1341.1816413821898,0
2025-07-29 20:12:10.032023,22.40121340829142,1455.6801062144043,0
2025-07-29 20:12:10.132023,23.39439051656687,1457.853885738435,0
2025-07-29 20:12:10.232023,23.556676121140434,1488.6406043693833,0
2025-07-29 20:12:10.332023,24.28969349351866,1475.3959292108798,0
2025-07-29 20:12:10.432023,24.308222969745497,,0
2025-07-29 20:12:10.532023,24.980067935227073,1422.4084727948018,0
2025-07-29 20:12:10.632023,25.67648105103944,1433.3542169116542,0
2025-07-29 20:12:10.732023,26.30310750532047,1619.5682104970156,0
2025-07-29 20:12:10.832023,26.552840047771262,1511.6706411861664,0
2025-07-29 20:12:10.932023,26.899193986604597,1479.6383736790576,0
2025-07-29 20:12:11.032023,27.514171998377815,1554.6727603118677,0
2025-07-29 20:12:11.132023,28.388436291011917,1651.6133304211962,0
2025-07-29 20:12:11.232023,28.44740726468263,1646.334771735028,0
2025-07-29 20:12:11.332023,29.05673887884629,1515.1339353559272,0
2025-07-29 20:12:11.432023,29.300835389344954,1534.0055760021378,0
2025-07-29 20:12:11.532023,29.72371669461436,1592.3517722527733,0
2025-07-29 20:12:11.632023,29.940231553907314,1691.152490542615,0
2025-07-29 20:12:11.732023,30.648420106919257,1584.2100477316608,0
2025-07-29 20:12:11.832023,30.76748489176773,1656.8264679810147,0
2025-07-29 20:12:11.932023,31.173408077134056,1767.5633369851666,0
2025-07-29 20:12:12.032023,31.740818432769917,1715.881776787147,0
2025-07-29 20:12:12.132023,32.423374407344305,1706.0800893825688,0
2025-07-29 20:12:12.232023,32.8953466040257,1626.0095187024654,0
2025-07-29 20:12:12.332023,33.18048578037945,,0
2025-07-29 20:12:12.432023,33.47861059026652,1727.4175375776201,0
2025-07-29 20:12:12.532023,33.56022414451408,1651.7344316513065,0
2025-07-29 20:12:12.632023,34.14973094432554,1662.638022387932,0
2025-07-29 20:12:12.732023,34.388477539130314,1851.0180100466348,0
2025-07-29 20:12:12.832023,34.910168820638724,1851.2702393009474,0
2025-07-29 20:12:12.932023,35.66954871040797,1876.1512321108846,0
2025-07-29 20:12:13.032023,35.92334368102631,1742.151239729073,0
2025-07-29 20:12:13.132023,36.1177095589353,1867.9236449494067,0
2025-07-29 20:12:13.232023,36.74921416174577,1751.6483648579049,0
2025-07-29 20:12:13.332023,37.4635323969824,1938.2524572148402,0
2025-07-29 20:12:13.432023,38.43381881893987,,0
2025-07-29 20:12:13.532023,39.220548840455315,1992.8421831186758,0
2025-07-29 20:12:13.632023,39.57658815460231,1860.89973834421,0
2025-07-29 20:12:13.732023,39.89904542196041,1890.4691601395218,0
2025-07-29 20:12:13.832023,40.169454009479075,1904.3653936268927,0
2025-07-29 20:12:13.932023,40.61313977621756,1958.4669577632214,0
2025-07-29 20:12:14.032023,41.408999961340264,2000.4685498937672,0
2025-07-29 20:12:14.132023,42.24961039982479,1953.3732176616704,0
2025-07-29 20:12:14.232023,43.15555123356768,2013.9437081066328,0
2025-07-29 20:12:14.332023,44.14046380928138,2097.201761073693,0
2025-07-29 20:12:14.432023,44.80558334645313,1958.6977103286524,0
2025-07-29 20:12:14.532023,44.82701803813107,2069.065888311346,0
2025-07-29 20:12:14.632023,45.10103251417247,2139.6131832481265,0
2025-07-29 20:12:14.732023,45.87943401743774,2097.660393891475,0
2025-07-29 20:12:14.832023,46.45218419943133,2176.5488098299934,0
2025-07-29 20:12:14.932023,46.76427334046081,2120.0056396027867,0
2025-07-29 20:12:15.032023,46.97414131495678,2168.4449708694465,0
2025-07-29 20:12:15.132023,47.7075518288046,2232.323721570622,0
2025-07-29 20:12:15.232023,47.71721822668511,2074.6603068507766,0
2025-07-29 20:12:15.332023,48.23630083436245,2123.5108544846885,0
2025-07-29 20:12:15.432023,48.47470715022061,2213.382537145082,0
2025-07-29 20:12:15.532023,49.12391152309118,2235.8734575832937,0
2025-07-29 20:12:15.632023,49.70971367945257,2281.6506151565486,0
2025-07-29 20:12:15.732023,50.25890790218133,2180.224897077136,0
2025-07-29 20:12:15.832023,50.71681604354042,2130.0904557328295,0
2025-07-29 20:12:15.932023,51.17706037799538,2152.7969381550456,0
2025-07-29 20:12:16.032023,51.97206484807346,2262.058167558976,0
2025-07-29 20:12:16.132023,52.42172889817698,2300.0663552402752,0
2025-07-29 20:12:16.232023,53.17889024683884,2296.385762580671,0
2025-07-29 20:12:16.332023,53.98392100278595,2349.3502991613022,0
2025-07-29 20:12:16.432023,54.478775072706895,2354.973104878474,0
2025-07-29 20:12:16.532023,55.38205735446452,2439.405840471402,0
2025-07-29 20:12:16.632023,55.98439508892125,2327.4539218989175,0
2025-07-29 20:12:16.732023,56.168629176726405,2472.455765401535,0
2025-07-29 20:12:16.832023,56.975575779590024,2332.6648414263427,0
2025-07-29 20:12:16.932023,57.93034574538978,2392.720400625697,0
2025-07-29 20:12:17.032023,57.33034574538978,1377.2996637194583,1
2025-07-29 20:12:17.132023,56.730345745389776,1343.9824142972739,1
2025-07-29 20:12:17.232023,56.130345745389775,1312.6683250227636,1
2025-07-29 20:12:17.332023,55.53034574538977,1325.566981366751,1
2025-07-29 20:12:17.432023,54.93034574538977,1338.7723187269635,1
2025-07-29 20:12:17.532023,54.33034574538977,1332.6937228179843,1
2025-07-29 20:12:17.632023,53.73034574538977,1305.1168154241898,1
2025-07-29 20:12:17.732023,53.13034574538977,1357.4430986686925,1
2025-07-29 20:12:17.832023,52.530345745389766,1279.4587449977973,1
2025-07-29 20:12:17.932023,51.930345745389765,1339.4776041521964,1
2025-07-29 20:12:18.032023,51.330345745389764,1325.6586762673674,1
2025-07-29 20:12:18.132023,50.73034574538976,1286.5245188315146,1
2025-07-29 20:12:18.232023,50.13034574538976,1329.4486312897784,1
2025-07-29 20:12:18.332023,49.53034574538976,1249.2186364097834,1
2025-07-29 20:12:18.432023,48.93034574538976,1277.5383670791139,1
2025-07-29 20:12:18.532023,48.33034574538976,1253.6466837983498,1
2025-07-29 20:12:18.632023,47.730345745389755,1279.3607770969077,1
2025-07-29 20:12:18.732023,47.130345745389754,1272.1503015912638,1
2025-07-29 20:12:18.832023,46.53034574538975,1270.0155762141326,1
2025-07-29 20:12:18.932023,45.93034574538975,1225.5217582621538,1
2025-07-29 20:12:19.032023,45.33034574538975,1278.5559210875756,1
2025-07-29 20:12:19.132023,44.73034574538975,1221.383927068468,1
2025-07-29 20:12:19.232023,44.13034574538975,1221.3443744691178,1
2025-07-29 20:12:19.332023,43.530345745389745,1277.8619617567178,1
2025-07-29 20:12:19.432023,42.930345745389744,1265.5830504577148,1
2025-07-29 20:12:19.532023,42.33034574538974,1223.3699118251566,1
2025-07-29 20:12:19.632023,41.73034574538974,1213.746448926826,1
2025-07-29 20:12:19.732023,41.13034574538974,1234.3484173617676,1
2025-07-29 20:12:19.832023,40.53034574538974,1155.9102964727047,1
2025-07-29 20:12:19.932023,39.93034574538974,1167.9810933761075,1
2025-07-29 20:12:20.032023,39.330345745389735,1146.896707374055,1
2025-07-29 20:12:20.132023,38.730345745389734,1167.7082467641717,1
2025-07-29 20:12:20.232023,38.13034574538973,1167.4585906432344,1
2025-07-29 20:12:20.332023,37.53034574538973,1180.0271356285346,1
2025-07-29 20:12:20.432023,36.93034574538973,1160.3113769689587,1
2025-07-29 20:12:20.532023,36.33034574538973,1189.117956714782,1
2025-07-29 20:12:20.632023,35.73034574538973,1172.5208047371316,1
2025-07-29 20:12:20.732023,35.130345745389725,1128.8589994433246,1
2025-07-29 20:12:20.832023,34.530345745389724,1125.9425366148043,1
2025-07-29 20:12:20.932023,33.93034574538972,1100.7835172927817,1
2025-07-29 20:12:21.032023,33.33034574538972,1157.3241847122426,1
2025-07-29 20:12:21.132023,32.73034574538972,1083.024609590193,1
2025-07-29 20:12:21.232023,32.13034574538972,1144.5293323536232,1
2025-07-29 20:12:21.332023,31.530345745389717,1139.8801749474385,1
2025-07-29 20:12:21.432023,30.930345745389715,1119.1420545557173,1
2025-07-29 20:12:21.532023,30.330345745389714,1118.263254911058,1
2025-07-29 20:12:21.632023,29.730345745389712,1075.2653930667193,1
2025-07-29 20:12:21.732023,29.13034574538971,1073.3633606178364,1
2025-07-29 20:12:21.832023,28.53034574538971,,1
2025-07-29 20:12:21.932023,27.930345745389708,1097.838119218263,1
2025-07-29 20:12:22.032023,27.330345745389707,1110.3995657926953,1
2025-07-29 20:12:22.132023,26.730345745389705,1109.3465934672076,1
2025-07-29 20:12:22.232023,26.130345745389704,1048.0357756001913,1
2025-07-29 20:12:22.332023,25.530345745389702,1086.9948774887466,1
2025-07-29 20:12:22.432023,24.9303457453897,1002.7445030033697,1
2025-07-29 20:12:22.532023,24.3303457453897,1068.0458260830032,1
2025-07-29 20:12:22.632023,23.730345745389698,1008.6732396657965,1
2025-07-29 20:12:22.732023,23.130345745389697,1055.3105927748131,1
2025-07-29 20:12:22.832023,22.530345745389695,1020.5829229791143,1
2025-07-29 20:12:22.932023,21.930345745389694,1043.1887205135076,1
2025-07-29 20:12:23.032023,21.330345745389693,1035.375101960945,1
2025-07-29 20:12:23.132023,20.73034574538969,1042.3470617222451,1
2025-07-29 20:12:23.232023,20.13034574538969,1044.892942085288,1
2025-07-29 20:12:23.332023,19.53034574538969,970.595552623905,1
2025-07-29 20:12:23.432023,18.930345745389687,947.0409125263519,1
2025-07-29 20:12:23.532023,18.330345745389685,933.9181217523392,1
2025-07-29 20:12:23.632023,17.730345745389684,952.4750643592736,1
2025-07-29 20:12:23.732023,17.130345745389683,1010.5858336040892,1
2025-07-29 20:12:23.832023,16.53034574538968,965.3383757115178,1
2025-07-29 20:12:23.932023,15.930345745389682,966.491655589093,1
2025-07-29 20:12:24.032023,15.330345745389682,924.3028711897623,1
2025-07-29 20:12:24.132023,14.730345745389682,953.7507189732744,1
2025-07-29 20:12:24.232023,14.130345745389683,987.3192466586023,1
2025-07-29 20:12:24.332023,13.530345745389683,936.2218698882983,1
2025-07-29 20:12:24.432023,12.930345745389683,963.3393310449992,1
2025-07-29 20:12:24.532023,12.330345745389684,913.6851696777686,1
2025-07-29 20:12:24.632023,11.730345745389684,937.0695025838183,1
2025-07-29 20:12:24.732023,11.130345745389684,871.9366783466983,1
2025-07-29 20:12:24.832023,10.530345745389685,895.3771070530274,1
2025-07-29 20:12:24.932023,9.930345745389685,855.6287119083966,1
2025-07-29 20:12:25.032023,9.330345745389685,937.2430571674425,1
2025-07-29 20:12:25.132023,8.730345745389686,904.9937277092318,1
2025-07-29 20:12:25.232023,8.130345745389686,868.3488932256098,1
2025-07-29 20:12:25.332023,7.5303457453896865,909.7819873138711,1
2025-07-29 20:12:25.432023,6.930345745389687,819.9518405509592,1
2025-07-29 20:12:25.532023,6.330345745389687,889.1220066925641,1
2025-07-29 20:12:25.632023,5.7303457453896876,824.2980275207583,1
2025-07-29 20:12:25.732023,5.130345745389688,806.4860068199262,1
2025-07-29 20:12:25.832023,4.530345745389688,845.5323257931633,1
2025-07-29 20:12:25.932023,3.930345745389688,811.3404241546214,1
2025-07-29 20:12:26.032023,3.330345745389688,808.986807065036,1
2025-07-29 20:12:26.132023,2.730345745389688,828.001223058161,1
2025-07-29 20:12:26.232023,2.130345745389688,803.9709015974828,1
2025-07-29 20:12:26.332023,1.5303457453896878,834.1106187022166,1
2025-07-29 20:12:26.432023,0.9303457453896878,800.0,1
2025-07-29 20:12:26.532023,0.33034574538968786,800.0,1
2025-07-29 20:12:26.632023,0.0,800.0,1
2025-07-29 20:12:26.732023,0.0,800.0,1
2025-07-29 20:12:26.832023,0.0,800.0,1
2025-07-29 20:12:26.932023,0.0,800.0,1
2025-07-29 20:12:27.032023,0.0,800.0,1
2025-07-29 20:12:27.132023,0.0,800.0,1
2025-07-29 20:12:27.232023,0.0,800.0,1
2025-07-29 20:12:27.332023,0.0,800.0,1
2025-07-29 20:12:27.432023,0.0,800.0,1
2025-07-29 20:12:27.532023,0.0,800.0,1
2025-07-29 20:12:27.632023,0.0,800.0,1
2025-07-29 20:12:27.732023,0.0,800.0,1
2025-07-29 20:12:27.832023,0.0,800.0,1
2025-07-29 20:12:27.932023,0.0,800.0,1
2025-07-29 20:12:28.032023,0.0,800.0,1
2025-07-29 20:12:28.132023,0.0,800.0,1
2025-07-29 20:12:28.232023,0.0,800.0,1
2025-07-29 20:12:28.332023,0.0,800.0,1
2025-07-29 20:12:28.432023,0.0,800.0,1
2025-07-29 20:12:28.532023,0.0,800.0,1
2025-07-29 20:12:28.632023,0.0,800.0,1
2025-07-29 20:12:28.732023,0.0,800.0,1
2025-07-29 20:12:28.832023,0.0,800.0,1
2025-07-29 20:12:28.932023,,800.0,1
2025-07-29 20:12:29.032023,0.0,800.0,1
2025-07-29 20:12:29.132023,0.0,800.0,1
2025-07-29 20:12:29.232023,0.0,800.0,1
2025-07-29 20:12:29.332023,0.0,800.0,1
2025-07-29 20:12:29.432023,0.0,800.0,1
2025-07-29 20:12:29.532023,0.0,800.0,1
2025-07-29 20:12:29.632023,0.0,800.0,1
2025-07-29 20:12:29.732023,0.0,800.0,1
2025-07-29 20:12:29.832023,0.0,800.0,1
2025-07-29 20:12:29.932023,0.0,800.0,1
2025-07-29 20:12:30.032023,0.0,800.0,1
2025-07-29 20:12:30.132023,0.0,800.0,1
2025-07-29 20:12:30.232023,0.0,800.0,1
2025-07-29 20:12:30.332023,0.0,800.0,1
2025-07-29 20:12:30.432023,0.0,800.0,1
2025-07-29 20:12:30.532023,0.0,800.0,1
2025-07-29 20:12:30.632023,0.0,800.0,1
2025-07-29 20:12:30.732023,0.0,800.0,1
2025-07-29 20:12:30.832023,0.0,800.0,1
2025-07-29 20:12:30.932023,0.0,800.0,1
2025-07-29 20:12:31.032023,0.0,800.0,1
2025-07-29 20:12:31.132023,0.0,800.0,1
2025-07-29 20:12:31.232023,0.0,800.0,1
2025-07-29 20:12:31.332023,0.0,800.0,1
2025-07-29 20:12:31.432023,0.0,800.0,1
2025-07-29 20:12:31.532023,0.0,800.0,1
2025-07-29 20:12:31.632023,0.0,800.0,1
2025-07-29 20:12:31.732023,0.0,800.0,1
2025-07-29 20:12:31.832023,0.0,800.0,1
2025-07-29 20:12:31.932023,0.0,800.0,1
2025-07-29 20:12:32.032023,0.0,800.0,0
2025-07-29 20:12:32.132023,0.0,800.0,0
2025-07-29 20:12:32.232023,0.0,800.0,0
2025-07-29 20:12:32.332023,0.0,800.0,0
2025-07-29 20:12:32.432023,0.0,800.0,0
2025-07-29 20:12:32.532023,0.0,800.0,0
2025-07-29 20:12:32.632023,0.0,800.0,0
2025-07-29 20:12:32.732023,0.0,800.0,0
2025-07-29 20:12:32.832023,0.0,800.0,0
2025-07-29 20:12:32.932023,0.0,800.0,0
2025-07-29 20:12:33.032023,0.0,800.0,0
2025-07-29 20:12:33.132023,0.0,800.0,0
2025-07-29 20:12:33.232023,0.0,800.0,0
2025-07-29 20:12:33.332023,0.0,800.0,0
2025-07-29 20:12:33.432023,0.0,800.0,0
2025-07-29 20:12:33.532023,0.0,800.0,0
2025-07-29 20:12:33.632023,0.0,800.0,0
2025-07-29 20:12:33.732023,0.0,800.0,0
2025-07-29 20:12:33.832023,0.0,800.0,0
2025-07-29 20:12:33.932023,0.0,800.0,0
2025-07-29 20:12:34.032023,0.0,800.0,0
2025-07-29 20:12:34.132023,0.0,800.0,0
2025-07-29 20:12:34.232023,0.0,800.0,0
2025-07-29 20:12:34.332023,0.0,800.0,0
2025-07-29 20:12:34.432023,0.0,800.0,0
2025-07-29 20:12:34.532023,0.0,800.0,0
2025-07-29 20:12:34.632023,0.0,800.0,0
2025-07-29 20:12:34.732023,0.0,800.0,0
2025-07-29 20:12:34.832023,0.0,800.0,0
2025-07-29 20:12:34.932023,0.0,800.0,0
2025-07-29 20:12:35.032023,0.0,800.0,0
2025-07-29 20:12:35.132023,0.0,800.0,0
2025-07-29 20:12:35.232023,0.0,800.0,0
2025-07-29 20:12:35.332023,0.0,800.0,0
2025-07-29 20:12:35.432023,0.0,800.0,0
2025-07-29 20:12:35.532023,0.0,800.0,0
2025-07-29 20:12:35.632023,0.0,800.0,0
2025-07-29 20:12:35.732023,0.0,800.0,0
2025-07-29 20:12:35.832023,0.0,800.0,0
2025-07-29 20:12:35.932023,0.0,800.0,0
2025-07-29 20:12:36.032023,0.0,800.0,0
2025-07-29 20:12:36.132023,0.0,800.0,0
2025-07-29 20:12:36.232023,0.0,800.0,0
2025-07-29 20:12:36.332023,0.0,800.0,0
2025-07-29 20:12:36.432023,0.0,800.0,0
2025-07-29 20:12:36.532023,0.0,800.0,0
2025-07-29 20:12:36.632023,0.0,800.0,0
2025-07-29 20:12:36.732023,0.0,800.0,0
2025-07-29 20:12:36.832023,0.0,800.0,0
2025-07-29 20:12:36.932023,0.0,,0
